{
 "omega2": [
  27338.368738539917,
  61511.329661714895,
  1073696.3652418472,
  2415816.821794158,
  8418536.911215777,
  18941708.050235506
 ],
 "omega": [
  165.3431847356882,
  248.01477710353248,
  1036.1932084519021,
  1554.289812677854,
  2901.471507910387,
  4352.207261865582
 ],
 "freq": [
  26.315185157241192,
  39.47277773586182,
  164.91527112337093,
  247.3729066850565,
  461.78353272423345,
  692.6752990863504
 ],
 "period": [
  0.03800087265298334,
  0.025333915101988874,
  0.006063719831330315,
  0.004042479887553542,
  0.0021655168041628224,
  0.001443677869441881
 ],
 "modeShape": {
  "1": [
   [
    0.0,
    0.0,
    0.0,
    0.0,
    0.0,
    0.0
   ],
   [
    0.0,
    0.0,
    0.0,
    0.0,
    0.0,
    0.0
   ],
   [
    0.0,
    0.0,
    0.0,
    0.0,
    0.0,
    0.0
   ],
   [
    0.0,
    0.0,
    0.0,
    0.0,
    0.0,
    0.0
   ],
   [
    0.0,
    0.0,
    0.0,
    0.0,
    0.0,
    0.0
   ],
   [
    0.0,
    0.0,
    0.0,
    0.0,
    0.0,
    0.0
   ]
  ],
  "2": [
   [
    0.0,
    3.707971429900425e-17,
    0.1931738369252897,
    0.0,
    -0.06344080836174552,
    1.1709383462843448e-17
   ],
   [
    0.0,
    -0.19317383692528958,
    9.992723957083574e-17,
    0.0,
    -7.39612625930204e-18,
    -0.06344080836174551
   ],
   [
    0.0,
    -3.929148673087468e-16,
    -1.1222414193669028,
    0.0,
    0.3534072927354983,
    -1.7433970933566911e-16
   ],
   [
    0.0,
    -1.122241419366903,
    7.431663791301839e-16,
    0.0,
    -3.137952137716166e-16,
    -0.3534072927354985
   ],
   [
    0.0,
    -9.992072527189902e-16,
    2.919915262861396,
    0.0,
    -0.8785352661901639,
    -2.116366906501992e-16
   ],
   [
    0.0,
    2.9199152628613962,
    -3.057407076205437e-15,
    0.0,
    6.84885247253787e-16,
    0.8785352661901644
   ]
  ],
  "3": [
   [
    0.0,
    1.960237527853792e-16,
    0.7498885049653761,
    0.0,
    -0.12118141623325278,
    2.3093506273941244e-17
   ],
   [
    0.0,
    -0.7498885049653756,
    3.927383734358076e-16,
    0.0,
    -3.603413732522191e-17,
    -0.12118141623325276
   ],
   [
    0.0,
    -2.5153490401663703e-15,
    -3.9938240640131992,
    0.0,
    0.5833686801076073,
    -2.8319360745321376e-16
   ],
   [
    0.0,
    -3.993824064013199,
    2.9639918991408645e-15,
    0.0,
    -2.5682038960750485e-16,
    -0.583368680107608
   ],
   [
    0.0,
    -1.7763554009596408e-15,
    9.425863752452797,
    0.0,
    -1.200440069997949,
    -1.5265418484620872e-16
   ],
   [
    0.0,
    9.425863752452802,
    -7.877693764554333e-15,
    0.0,
    2.794742764230294e-16,
    1.2004400699979492
   ]
  ],
  "4": [
   [
    0.0,
    2.688821387764051e-16,
    1.6359785592828944,
    0.0,
    -0.173236648148505,
    2.5153490401663703e-17
   ],
   [
    0.0,
    -1.6359785592828942,
    8.669100973739496e-16,
    0.0,
    -1.7456636840403722e-17,
    -0.17323664814850503
   ],
   [
    0.0,
    -5.2839677078253544e-15,
    -7.881805670595375,
    0.0,
    0.6930427554654871,
    -2.7863995832877464e-16
   ],
   [
    0.0,
    -7.881805670595377,
    3.3088766102085137e-15,
    0.0,
    -1.0556063401862108e-16,
    -0.6930427554654874
   ],
   [
    0.0,
    -2.164935579207347e-15,
    16.326921313649596,
    0.0,
    -1.025485352953875,
    1.0407144675050521e-17
   ],
   [
    0.0,
    16.326921313649585,
    -8.096466118976283e-15,
    0.0,
    2.3081328645462282e-16,
    1.025485352953875
   ]
  ],
  "5": [
   [
    0.0,
    5.93275428784068e-16,
    2.8174303652643586,
    0.0,
    -0.2196440089117672,
    3.0140820395097023e-17
   ],
   [
    0.0,
    -2.8174303652643578,
    4.985421787021834e-16,
    0.0,
    -4.0641640870621907e-17,
    -0.2196440089117672
   ],
   [
    0.0,
    -7.195632978351796e-15,
    -12.084086621960406,
    0.0,
    0.6897613892331199,
    -3.7882023906643525e-16
   ],
   [
    0.0,
    -12.084086621960408,
    5.768280818274636e-15,
    0.0,
    -2.698443682044852e-16,
    -0.6897613892331199
   ],
   [
    0.0,
    -1.9984009318095465e-15,
    20.983429073124356,
    0.0,
    -0.4783518878153598,
    1.1102356652508443e-16
   ],
   [
    0.0,
    20.983429073124363,
    -4.509201103810476e-16,
    0.0,
    -4.080682660579987e-16,
    0.47835188781536003
   ]
  ],
  "6": [
   [
    0.0,
    7.632783294297951e-16,
    4.260548176444724,
    0.0,
    -0.2604735041969204,
    1.3010426069826053e-18
   ],
   [
    0.0,
    -4.26054817644472,
    3.4427926779880935e-16,
    0.0,
    6.918855701722315e-17,
    -0.2604735041969202
   ],
   [
    0.0,
    -7.0360384185619296e-15,
    -15.957346573795942,
    0.0,
    0.5858512860791658,
    -2.5522119140308774e-16
   ],
   [
    0.0,
    -15.957346573795952,
    6.3769519179079914e-15,
    0.0,
    5.316605581348969e-16,
    -0.5858512860791673
   ],
   [
    0.0,
    -2.4424880320610545e-15,
    21.682242891658564,
    0.0,
    0.26032383286606453,
    4.3801674749217476e-16
   ],
   [
    0.0,
    21.68224289165858,
    -4.6895910240752795e-15,
    0.0,
    5.003479255009029e-16,
    -0.260323832866065
   ]
  ],
  "7": [
   [
    0.0,
    1.2698175844150228e-15,
    5.932175937885383,
    0.0,
    -0.2958363967844219,
    3.165870343657673e-17
   ],
   [
    0.0,
    -5.932175937885383,
    1.9438793893484006e-15,
    0.0,
    -4.268298489683079e-17,
    -0.295836396784422
   ],
   [
    0.0,
    -8.43769498715119e-15,
    -18.947382098805388,
    0.0,
    0.3986248956917227,
    -3.89011739487799e-16
   ],
   [
    0.0,
    -18.94738209880539,
    1.4726934949305094e-14,
    0.0,
    1.8862407295816573e-16,
    -0.398624895691723
   ],
   [
    0.0,
    4.5519115876483914e-15,
    17.89059200339944,
    0.0,
    0.9839776110930737,
    1.9428956535392568e-16
   ],
   [
    0.0,
    17.890592003399423,
    6.291819102385948e-15,
    0.0,
    1.3258967643986833e-16,
    -0.9839776110930734
   ]
  ],
  "8": [
   [
    0.0,
    1.4988010832439613e-15,
    7.799968465793714,
    0.0,
    -0.3258929119166769,
    7.546047120499111e-17
   ],
   [
    0.0,
    -7.79996846579371,
    2.9920487537879274e-15,
    0.0,
    -6.671574627772472e-17,
    -0.32589291191667685
   ],
   [
    0.0,
    -7.965850201685498e-15,
    -20.617116863696676,
    0.0,
    0.14963198650799317,
    -3.71285033967661e-16
   ],
   [
    0.0,
    -20.617116863696666,
    1.0633692277411953e-14,
    0.0,
    2.0996930322897366e-16,
    -0.14963198650799306
   ],
   [
    0.0,
    1.9984015833237017e-15,
    10.291507483190406,
    0.0,
    1.5010190515905097,
    -7.63282360924166e-17
   ],
   [
    0.0,
    10.291507483190415,
    2.8507732172524193e-16,
    0.0,
    -3.2022010960923125e-17,
    -1.5010190515905102
   ]
  ],
  "9": [
   [
    0.0,
    1.1379786002407855e-15,
    9.832705757529126,
    0.0,
    -0.35085891300208355,
    5.421010862427522e-17
   ],
   [
    0.0,
    -9.832705757529126,
    4.091380919944864e-15,
    0.0,
    -5.5357351058424005e-17,
    -0.3508589130020834
   ],
   [
    0.0,
    -6.3352101342672995e-15,
    -20.66821318998543,
    0.0,
    -0.1367007849847558,
    -4.742842403537839e-16
   ],
   [
    0.0,
    -20.66821318998543,
    1.2403794625529686e-14,
    0.0,
    3.173866334679738e-16,
    0.13670078498475619
   ],
   [
    0.0,
    3.82679878558064e-15,
    0.5702209713937247,
    0.0,
    1.6750055750486545,
    -6.244982419732612e-17
   ],
   [
    0.0,
    0.5702209713937224,
    7.797893153681287e-15,
    0.0,
    -1.9774205481533075e-16,
    -1.6750055750486534
   ]
  ],