{
 "disp": {
  "1": [
   0.0,
   0.0,
   0.0,
   0.0,
   0.0302623289753694,
   0.0
  ],
  "2": [
   4.357775372453254,
   0.0,
   -0.007604295018482766,
   0.0,
   0.030262328975370702,
   0.0
  ],
  "3": [
   8.715550744906746,
   0.0,
   0.0,
   0.0,
   -0.030262328975371445,
   0.0
  ],
  "4": [
   4.357775372453253,
   0.0,
   -0.007604295018482565,
   0.0,
   -0.030262328975371535,
   0.0
  ],
  "5": [
   4.357775372453253,
   0.0,
   -2.7707562368980185,
   0.0,
   1.9542580887456633e-16,
   0.0
  ]
 },
 "reaction": {
  "1": [
   4.085620730620576e-13,
   0.0,
   14.4000000000002,
   0.0,
   -2.2737367544323206e-13,
   0.0
  ],
  "2": [
   -4.085620730620576e-13,
   0.0,
   1.0658141036401503e-14,
   0.0,
   -8.810729923425242e-13,
   0.0
  ],
  "3": [
   -2.842170943040401e-14,
   0.0,
   14.399999999999817,
   0.0,
   1.1368683772161603e-12,
   0.0
  ],
  "4": [
   2.842170943040401e-14,
   0.0,
   0.0,
   0.0,
   2.5579538487363607e-13,
   0.0
  ],
  "5": [
   0.0,
   0.0,
   -2.7533531010703882e-14,
   0.0,
   -2.2737367544323206e-13,
   0.0
  ]
 },
 "lcId": 1,
 "_meta": {
  "engine": "OpenSees (openseespy)",
  "version": "3.8.0",
  "model": "examples/verif_1-018_static_portal.s3d",
  "analysis": "static",
  "element": [
   "ElasticTimoshenkoBeam"
  ],
  "mass": "consistent (-cMass)"
 }
}
